INSERT INTO PageData(PageID, PostCount, OwnerID)
VALUES (1, 0, 1001);

INSERT INTO GroupData (GroupID, GroupType, OwnerID, GroupName)
VALUES (1, 'SBCS', 1001, 'THIS IS A TEST');

INSERT INTO GroupPage (GroupId, PageID, DateTimeCreated)
VALUES (1, 1, '2016-11-7');


INSERT INTO PageData(PageID, PostCount, OwnerID)
VALUES (2, 0, 1002);

INSERT INTO GroupData (GroupID, GroupType, OwnerID, GroupName)
VALUES (2, 'BDSM', 1002, 'MYLITTLEPONY');

INSERT INTO GroupPage (GroupId, PageID, DateTimeCreated)
VALUES (2, 2, '2016-11-7');


INSERT INTO PageData(PageID, PostCount, OwnerID)
VALUES (3, 0, 1004);


INSERT INTO PageData(PageID, PostCount, OwnerID)
VALUES (4, 0, 1003);

INSERT INTO GroupData (GroupID, GroupType, OwnerID, GroupName)
VALUES (3, 'Dating', 1003, 'MidgetsR_us');

INSERT INTO GroupPage (GroupId, PageID, DateTimeCreated)
VALUES (3, 4, '2016-11-8');


INSERT INTO PageData(PageID, PostCount, OwnerID)
VALUES (5, 0, 1001);



INSERT INTO PageData(PageID, PostCount, OwnerID)
VALUES (6, 0, 1003);

INSERT INTO GroupData (GroupID, GroupType, OwnerID, GroupName)
VALUES (5, 'Dating', 1003, 'FreaksAndGeeks');

INSERT INTO GroupPage (GroupId, PageID, DateTimeCreated)
VALUES (5, 6, '2016-11-8');



INSERT INTO PageData(PageID, PostCount, OwnerID)
VALUES (7, 0, 1003);

INSERT INTO GroupData (GroupID, GroupType, OwnerID, GroupName)
VALUES (6, 'Dating', 1003, 'Tinder2.0');

INSERT INTO GroupPage (GroupId, PageID, DateTimeCreated)
VALUES (6, 7, '2016-11-8');



INSERT INTO PageData(PageID, PostCount, OwnerID)
VALUES (8, 0, 1003);

INSERT INTO GroupData (GroupID, GroupType, OwnerID, GroupName)
VALUES (7, 'Adult Cartoons', 1003, 'Tentacles');

INSERT INTO GroupPage (GroupId, PageID, DateTimeCreated)
VALUES (7, 8, '2016-11-8');



INSERT INTO PageData(PageID, PostCount, OwnerID)
VALUES (9, 0, 1003);

INSERT INTO GroupData (GroupID, GroupType, OwnerID, GroupName)
VALUES (8, 'Comedy', 1003, 'Seinfeld Pics');

INSERT INTO GroupPage (GroupId, PageID, DateTimeCreated)
VALUES (8, 9, '2016-11-8');



INSERT INTO PageData(PageID, PostCount, OwnerID)
VALUES (10, 0, 1003);

INSERT INTO GroupData (GroupID, GroupType, OwnerID, GroupName)
VALUES (9, 'Miscellaneous', 1003, 'Food Porn');

INSERT INTO GroupPage (GroupId, PageID, DateTimeCreated)
VALUES (9, 10, '2016-11-8');



INSERT INTO PageData(PageID, PostCount, OwnerID)
VALUES (11, 0, 1003);

INSERT INTO GroupData (GroupID, GroupType, OwnerID, GroupName)
VALUES (10, 'DarkWeb', 1003, 'Weed');

INSERT INTO GroupPage (GroupId, PageID, DateTimeCreated)
VALUES (10, 11, '2016-11-8');


INSERT INTO PageData(PageID, PostCount, OwnerID)
VALUES (12, 0, 1003);

INSERT INTO GroupData (GroupID, GroupType, OwnerID, GroupName)
VALUES (11, 'Porn', 1003, 'TotallyNormalStuff');

INSERT INTO GroupPage (GroupId, PageID, DateTimeCreated)
VALUES (11, 12, '2016-11-8');


